"Band","Landsat_5","Landsat_7","Landsat_8","Landsat_9"
"Band 1",184.414004973967,168.24358222325,176.93695670176,169.99423590832
"Band 2",269.137833640075,293.072989705822,279.56210848904,293.612018507329
"Band 3",277.528406840287,227.468302938571,233.475097334783,232.317690330401
"Band 4",1436.34548914521,1499.61806628319,1563.47126612636,1563.47126612636
"Band 5",792.202389681266,889.407942521471,833.696083607427,833.696083607427
"Band 6",426.355482064905,476.407358673406,444.978442930911,444.978442930911
