{"type": "scs+c", "calc_mask": [["ndi", {"band_1": 850, "band_2": 660, "min": 0.1, "max": 1.0}], ["ancillary", {"name": "slope", "min": 0.08726646259971647, "max": "+inf"}], ["ancillary", {"name": "cosine_i", "min": 0.12, "max": "+inf"}], ["cloud", {"method": "zhai_2018", "cloud": true, "shadow": true, "T1": 0.01, "t2": 0.1, "t3": 0.25, "t4": 0.5, "T7": 9, "T8": 9}]], "apply_mask": [["ndi", {"band_1": 850, "band_2": 660, "min": 0.1, "max": 1.0}], ["ancillary", {"name": "slope", "min": 0.08726646259971647, "max": "+inf"}], ["ancillary", {"name": "cosine_i", "min": 0.12, "max": "+inf"}]], "c_fit_type": "nnls", "coeffs": {"4": 1.8177989908022876, "5": 1.7989498912541488, "6": 1.8057304898638111, "7": 1.808138441031393, "8": 1.822478753132276, "9": 1.84323088143734, "10": 1.8738310910888676, "11": 1.8984975789921978, "12": 1.9276681598290746, "13": 1.9557218935780565, "14": 1.982324287336985, "15": 2.0101139154434287, "16": 2.0355480937718196, "17": 2.059082409212704, "18": 2.0876127723506355, "19": 2.1186185628120686, "20": 2.1380926251500973, "21": 2.158613359018912, "22": 2.1936563248632472, "23": 2.244852200013637, "24": 2.3206169148852394, "25": 2.4323111311303562, "26": 2.5800886926582396, "27": 2.776806354030407, "28": 3.013147571559373, "29": 3.2513207691707584, "30": 3.463131146458901, "31": 3.637826405603486, "32": 3.7927065001897877, "33": 3.9398674007819103, "34": 4.057859581339958, "35": 4.12676827885195, "36": 4.1477274286110095, "37": 4.136995008606464, "38": 4.085693912147802, "39": 4.018918864527748, "40": 3.9543694243869654, "41": 3.9362875339954346, "42": 3.961609010683982, "43": 3.9671929973616, "44": 3.9606342305198923, "45": 3.943087924849457, "46": 3.902083994884375, "47": 3.8607295766854044, "48": 3.856588833624072, "49": 3.9063335727161874, "50": 3.936329357572377, "51": 3.9079011337776306, "52": 3.821795264302654, "53": 3.7483746302595815, "54": 3.687541238808695, "55": 3.6405155469299766, "56": 3.544808785039561, "57": 3.4713100357851836, "58": 3.428208943777813, "59": 3.375107947919046, "60": 3.560814582362589, "61": 4.062970941233365, "62": 4.77896119112895, "63": 5.680567674689649, "64": 6.783692586276843, "65": 7.612616602053067, "66": 8.262082041010387, "67": 9.406815898053956, "68": 9.843021352989066, "69": 9.952474722560641, "70": 9.481978618818047, "71": 9.02394787368704, "72": 8.81931067558194, "73": 8.733393006337202, "74": 8.72186919834408, "75": 9.512594122890984, "76": 14.472923455228631, "77": 10.215871629101871, "78": 8.817732445639262, "79": 8.737336675403254, "80": 8.75396051416264, "81": 8.871650960735764, "82": 8.931472027380599, "83": 8.966911653278881, "84": 9.006669489011543, "85": 9.023587599088627, "86": 9.569940569461666, "87": 10.235727884139374, "88": 9.973938480104646, "89": 9.787933909740099, "90": 9.606426239894923, "91": 9.264466653399989, "92": 9.113797025655632, "93": 9.054504042954138, "94": 9.07934100588997, "95": 9.078475540750965, "96": 9.071769550859736, "97": 9.077642855640017, "98": 9.104166121714972, "99": 9.124164030512087, "100": 9.160196253773947, "101": 9.210748468307314, "102": 9.575939935713958, "103": 10.747155320714855, "104": 10.624890363078807, "105": 10.793161624948933, "106": 11.300907566838053, "107": 11.072224119045208, "108": 10.506167140766612, "109": 12.075613468038803, "110": 21.109735446270104, "111": 21.494181742737055, "112": 18.198215167903015, "113": 19.098277675406077, "114": 17.648101746973644, "115": 16.0612384804442, "116": 13.972945207723162, "117": 11.58943521916771, "118": 10.933132154027097, "119": 10.847479503644152, "120": 10.198648233458275, "121": 9.733937299985898, "122": 9.57807846062936, "123": 9.524188635744503, "124": 9.548414603738989, "125": 9.547498819743746, "126": 9.54112087371671, "127": 9.542958174912945, "128": 9.559352828419177, "129": 9.572427109928068, "130": 9.576479908677555, "131": 9.591691909655738, "132": 9.610828325273621, "133": 9.641909979564582, "134": 9.676049200282037, "135": 9.743855692091184, "136": 9.799240966294429, "137": 9.845510239077118, "138": 9.838785637849625, "139": 9.877958864950736, "140": 9.973734728438423, "141": 10.07429792248196, "142": 10.299424606345994, "143": 10.79692262610423, "144": 11.550561022969825, "145": 12.45053051313654, "146": 15.425948305495536, "147": 28.278885872533223, "148": 46.12960788096669, "149": 42.08804374904585, "150": 31.143696508970063, "151": 21.04685344374077, "152": 23.84538777125107, "153": 27.571891289051884, "154": 21.152284880148386, "155": 15.88211822943456, "156": 13.40971123591629, "157": 12.514581735597028, "158": 12.069838912481384, "159": 11.850648342819884, "160": 11.97812829506895, "161": 11.861301198617104, "162": 11.497221885796938, "163": 11.737023278580727, "164": 11.853214730114745, "165": 11.705049563228636, "166": 11.692907602402217, "167": 11.404301111837038, "168": 11.265248287730767, "169": 11.030597193399728, "170": 10.868033448524617, "171": 10.792533552383864, "172": 10.779909226321378, "173": 10.842523131782658, "174": 10.97088638652495, "175": 11.278743034100216, "176": 11.936050185201536, "177": 12.450141590358056, "178": 11.706476164662837, "179": 11.271950264156647, "180": 11.066753921200121, "181": 11.15225617808294, "182": 11.332011369518415, "183": 11.656101780086745, "184": 12.119107770330913, "185": 12.593389139406996, "186": 13.132601699099192, "187": 13.620223132516356, "188": 14.289815986231797, "189": 16.97163017892957, "190": 20.087471939931966, "210": 100000.0, "211": 100000.0, "212": 100000.0, "213": 95.700373052438, "214": 42.02583160164518, "215": 33.81007955460403, "216": 38.11613448301922, "217": 100.88732578892395, "218": 58.67613752117308, "219": 61.78867584819906, "220": 43.48418323551696, "221": 31.48189417401508, "222": 24.281405696434597, "223": 20.64873291766116, "224": 20.267043713844547, "225": 18.71858579131201, "226": 18.217621617801925, "227": 17.833452412918476, "228": 17.152716956079125, "229": 17.042696188231496, "230": 16.761445760926385, "231": 16.675232815450137, "232": 16.5823509892929, "233": 16.47050392334738, "234": 16.448344674395884, "235": 16.429692502089424, "236": 16.508255076342625, "237": 17.238998523375354, "238": 17.669986039736465, "239": 17.357241238785303, "240": 16.79849094173827, "241": 16.41685158538587, "242": 16.321824107940916, "243": 16.816650807550992, "244": 17.12283840307063, "245": 16.837969015797068, "246": 16.350421099032683, "247": 15.882786097019366, "248": 15.616697770306306, "249": 15.493651281058613, "250": 15.60135615751326, "251": 15.61725036051513, "252": 15.557551181585048, "253": 15.51040386483931, "254": 15.37589117133185, "255": 15.171263487395885, "256": 15.440056049699955, "257": 15.300249950875925, "258": 15.19498191173738, "259": 15.21225997624483, "260": 15.215331094661108, "261": 15.483145297697464, "262": 15.682456438294334, "263": 15.932033947649764, "264": 16.2938603821407, "265": 17.014039617972625, "266": 17.090271723742912, "267": 17.365707914975783, "268": 18.643182851418313, "269": 18.73263345219783, "270": 19.277800539332116, "271": 18.81179890935107, "272": 19.139717458700048, "273": 18.86374408700011, "274": 19.404613357475323, "275": 19.870152007848965, "276": 21.904627183974544, "277": 23.12890323576827, "278": 26.521404910109258, "279": 30.955201519903806, "280": 37.76702361867462, "281": 37.810862737863346, "282": 139.73960779518987, "283": 305.73863488487046, "316": 400.1907209011232, "317": 56.8041379430814, "318": 34.18359595223132, "319": 27.665558058146143, "320": 23.332486838356818, "321": 23.760870633194067, "322": 26.87596807143358, "323": 62.62991313913568, "324": 100000.0, "325": 363.6870084916728, "326": 100000.0, "327": 60.06871562151048, "328": 26.336508428035017, "329": 19.99889309220502, "330": 17.35665072727486, "331": 17.549533022960745, "332": 17.978649763590933, "333": 21.51201563286692, "334": 27.2581885982348, "335": 23.5448753797286, "336": 24.906835738304046, "337": 25.043199481382473, "338": 22.20663292246939,