{"type": "scs+c", "calc_mask": [["ndi", {"band_1": 850, "band_2": 660, "min": 0.1, "max": 1.0}], ["ancillary", {"name": "slope", "min": 0.08726646259971647, "max": "+inf"}], ["ancillary", {"name": "cosine_i", "min": 0.12, "max": "+inf"}], ["cloud", {"method": "zhai_2018", "cloud": true, "shadow": true, "T1": 0.01, "t2": 0.1, "t3": 0.25, "t4": 0.5, "T7": 9, "T8": 9}]], "apply_mask": [["ndi", {"band_1": 850, "band_2": 660, "min": 0.1, "max": 1.0}], ["ancillary", {"name": "slope", "min": 0.08726646259971647, "max": "+inf"}], ["ancillary", {"name": "cosine_i", "min": 0.12, "max": "+inf"}]], "c_fit_type": "nnls", "coeffs": {"4": 51.48308568690139, "5": 35.06653974215065, "6": 30.496729926577174, "7": 23.143249026278493, "8": 17.744358230521712, "9": 14.24475447215502, "10": 13.281571174731551, "11": 12.741507136154635, "12": 12.094678838728445, "13": 11.449494559558797, "14": 10.27930583890732, "15": 9.56891193469519, "16": 9.257858636403142, "17": 8.190218581783048, "18": 7.866258633274357, "19": 7.708227194761716, "20": 7.553897461648039, "21": 7.0228499617286895, "22": 6.751489343469604, "23": 6.509272124122725, "24": 6.310240903057021, "25": 6.0154140315716615, "26": 5.76990690119587, "27": 5.317670241968327, "28": 4.817982947972813, "29": 4.422272596851739, "30": 4.128441626296029, "31": 3.914963945278854, "32": 3.7603659859334737, "33": 3.6227480833310017, "34": 3.5463713928020053, "35": 3.539386164973173, "36": 3.5593114117516214, "37": 3.6283144660494706, "38": 3.7460950111083227, "39": 3.822802379864015, "40": 3.9090823432330075, "41": 3.925283858822868, "42": 3.888194735466002, "43": 3.908149422769628, "44": 3.9346389064465015, "45": 3.9501933627500976, "46": 3.9398666528689996, "47": 3.9419632033153635, "48": 3.916357046675364, "49": 3.8563314203678734, "50": 3.8302769771911436, "51": 3.850779003388645, "52": 3.896848482916567, "53": 3.862382663531218, "54": 3.8292131580744213, "55": 3.7236824389694876, "56": 3.6978447029273256, "57": 3.5032212800783884, "58": 3.1555865266106515, "59": 3.3779316987036885, "60": 3.3068968103398246, "61": 3.128552880963244, "62": 3.065829706126187, "63": 2.8617402634024405, "64": 2.5721052610176844, "65": 2.361124828749213, "66": 2.199610600409759, "67": 2.0198868101102625, "68": 1.9392546987893486, "69": 1.9135952703451202, "70": 1.9454168413029969, "71": 1.991874566624161, "72": 2.015398146668588, "73": 2.0256970204535754, "74": 2.0271833591350834, "75": 1.9976499159905265, "76": 1.8131443501904954, "77": 1.9341458065768653, "78": 2.019104980505651, "79": 2.0219869166474007, "80": 2.0168012130219317, "81": 2.0073656302395717, "82": 1.9972159877288218, "83": 1.993718517539586, "84": 1.987767989332849, "85": 1.9862820881374215, "86": 1.9438723225609174, "87": 1.884406401955703, "88": 1.892761736819378, "89": 1.9129380275610932, "90": 1.924206850021045, "91": 1.9517664436967541, "92": 1.9648972014815702, "93": 1.9694504057004552, "94": 1.963700323217706, "95": 1.9570764024315535, "96": 1.9614971919771453, "97": 1.9529357138461532, "98": 1.9502385487542633, "99": 1.9442412719069442, "100": 1.9383601961017562, "101": 1.9276946335792127, "102": 1.8984442480795312, "103": 1.8066281002981075, "104": 1.7937057602497082, "105": 1.7905598726298178, "106": 1.752740091052775, "107": 1.7560342873518506, "108": 1.793345180299137, "109": 1.725058020503186, "110": 1.4907242691637461, "111": 1.4340615314819902, "112": 1.5049233734431553, "113": 1.4749629885131903, "114": 1.4904820907404144, "115": 1.5075485347048565, "116": 1.5453749638570973, "117": 1.6132370851608662, "118": 1.6395498958711554, "119": 1.629074738768833, "120": 1.6603625938237019, "121": 1.6869378708722065, "122": 1.6971339648856054, "123": 1.7040487467754393, "124": 1.7048608023484926, "125": 1.708504746783346, "126": 1.7171476830383072, "127": 1.7265782850435312, "128": 1.7329481484157891, "129": 1.7439149157053995, "130": 1.7530312420146148, "131": 1.7607814578245677, "132": 1.7673067795448487, "133": 1.7732833103193573, "134": 1.7810139804415341, "135": 1.7853138532832888, "136": 1.7894240254890963, "137": 1.7929339778906128, "138": 1.7940414944063534, "139": 1.7921111751070813, "140": 1.7878266275811405, "141": 1.7806791666878736, "142": 1.7704390576287634, "143": 1.737517048405326, "144": 1.6982336702336835, "145": 1.6635098239766233, "146": 1.5791793906921938, "147": 1.3904108946025924, "148": 1.2862932201889625, "149": 1.261752475101506, "150": 1.3057520063725658, "151": 1.3594734705471743, "152": 1.3327725798955359, "153": 1.2559014580175687, "154": 1.2956268859983129, "155": 1.3515803616391948, "156": 1.389926261428152, "157": 1.3998960806873573, "158": 1.3992934523375111, "159": 1.3867069434527548, "160": 1.363437037805861, "161": 1.3536176776101363, "162": 1.360223560832025, "163": 1.3464781358557014, "164": 1.341437984664615, "165": 1.3533166398221632, "166": 1.3611362016610618, "167": 1.389199878014448, "168": 1.412954278271027, "169": 1.4398482436137652, "170": 1.4644470778137666, "171": 1.4823376996160271, "172": 1.4967169343349076, "173": 1.5077705683087717, "174": 1.5185418197994858, "175": 1.5253517560880772, "176": 1.5264228878730648, "177": 1.523569002125021, "178": 1.5403157649028778, "179": 1.5554248574593692, "180": 1.5591689514146043, "181": 1.5589784724056526, "182": 1.5515360285498607, "183": 1.5423701728105068, "184": 1.5090836969795385, "185": 1.4851416402628135, "186": 1.4572834399707542, "187": 1.4471881524619807, "188": 1.4184435931529304, "189": 1.362319057848544, "190": 1.2907528325541364, "210": 1.1311941874737144, "211": 1.1268211077489847, "212": 1.1717460832641902, "213": 1.2404258360091793, "214": 1.319388599414238, "215": 1.395152394527205, "216": 1.363402076394736, "217": 1.2425300829616135, "218": 1.2434628590513537, "219": 1.2514105722429676, "220": 1.2854714000274885, "221": 1.3143112400274237, "222": 1.364320970301006, "223": 1.3927635452254095, "224": 1.3772359711587943, "225": 1.380084295826347, "226": 1.3747685522857012, "227": 1.3629379074229442, "228": 1.3607980318202026, "229": 1.344902883232564, "230": 1.3364473792972058, "231": 1.3217932752722348, "232": 1.309718827961065, "233": 1.29853988278321, "234": 1.286628062784371, "235": 1.2779687019792658, "236": 1.26674175236323, "237": 1.259328391931044, "238": 1.252107930276823, "239": 1.2439184583039928, "240": 1.2412215158972417, "241": 1.2389558512139591, "242": 1.2347082060860766, "243": 1.236419633654048, "244": 1.2349425732715484, "245": 1.2376218431481483, "246": 1.2409780781456727, "247": 1.243424131462373, "248": 1.2436544712719542, "249": 1.2471766965319784, "250": 1.2470686648277398, "251": 1.2467165093880366, "252": 1.2446926047097253, "253": 1.2409919196323067, "254": 1.234074936775319, "255": 1.2272452964676546, "256": 1.2200335291599018, "257": 1.212435652424954, "258": 1.2127683618560097, "259": 1.2144687928385092, "260": 1.2129525874624598, "261": 1.2058816387718327, "262": 1.1972629070968037, "263": 1.186463296300335, "264": 1.177784489899495, "265": 1.1633201259623733, "266": 1.157528638963809, "267": 1.1578172304597028, "268": 1.1454842491934016, "269": 1.1564074711095602, "270": 1.1657548242385753, "271": 1.1791262915340666, "272": 1.1866850257656725, "273": 1.1912499158088452, "274": 1.20086156000598, "275": 1.2084138793303283, "276": 1.2042873377826295, "277": 1.2104650253577978, "278": 1.204532899593024, "279": 1.1888811054172288, "280": 1.1802978864744533, "281": 1.1917465956639066, "282": 1.1152712576331876, "283": 1.0999305544118994, "316": 2.2052652830774613, "317": 2.399838424475873, "318": 2.37704539327719, "319": 2.402297138763143, "320": 2.4293489673876207, "321": 2.37966003813228, "322": 2.3819719693562345, "323": 2.3312859018179575, "324": 2.178522704055688, "325": 2.266576694983994, "326": 2.1697673196293783, "327": 2.1441873600014816, "328": 2.1745569443239203, "329": 2.1533625031925836, "330": 2.1405433989609595, "331": 2.0841486291121134, "332": 2.039516435895238, "333": 2.0013573531485056, "334": 1.9171042328881216,